<?xml version="1.0" encoding="utf-8"?>
<SplinePathGeneratorInfo>
	<max_encoder_per_frame>1000</max_encoder_per_frame>
	<allow_recover_move>true</allow_recover_move>
	<min_x>-1.50000005e+014</min_x>
	<min_y>-1.50000005e+014</min_y>
	<min_z>-1.50000005e+014</min_z>
	<max_x>1.50000005e+014</max_x>
	<max_y>1000000</max_y>
	<max_z>1.50000005e+014</max_z>
	<law_iteration_step>4</law_iteration_step>
	<spline_iteration_step>60</spline_iteration_step>
	<smooth_acceleration>9000</smooth_acceleration>
	<smooth_time_rate>1.5</smooth_time_rate>
	<smooth_safespline_misrate>0.0500000007</smooth_safespline_misrate>
	<default_acceleration>5000</default_acceleration>
	<velocity_compute_epsilon>0.00999999978</velocity_compute_epsilon>
	<max_encoder_difference>10</max_encoder_difference>
	<JointsData>
		<joint id="0">
			<zero_angle>0</zero_angle>
			<gear_multiplicator>121</gear_multiplicator>
			<full_circle_impulse>2000</full_circle_impulse>
			<max_angle_speed>3000</max_angle_speed>
			<acceleration_time>500</acceleration_time>
			<singular_criteria_deg>20</singular_criteria_deg>
			<max_deg>180</max_deg>
			<min_deg>-180</min_deg>
			<max_line>150</max_line>
			<min_line>-150</min_line>
			<max_linear_speed_mm_sec>200</max_linear_speed_mm_sec>
			<inverse_movement>false</inverse_movement>
			<is_linear_type>false</is_linear_type>
			<is_ignore_z_mark>false</is_ignore_z_mark>
			<is_allowed_deustation>false</is_allowed_deustation>
			<calibration_type>SearchZMarkNearVisualMark</calibration_type>
			<calibr_speed_percent>10.0</calibr_speed_percent>
			<calibration_move_back_steps>10000</calibration_move_back_steps>
			<calibration_dir_positive>true</calibration_dir_positive>
		</joint>
		<joint id="1">
			<zero_angle>0</zero_angle>
			<gear_multiplicator>121</gear_multiplicator>
			<full_circle_impulse>2000</full_circle_impulse>
			<max_angle_speed>3000</max_angle_speed>
			<acceleration_time>600</acceleration_time>
			<singular_criteria_deg>20</singular_criteria_deg>
			<max_deg>150</max_deg>
			<min_deg>-150</min_deg>
			<max_line>150</max_line>
			<min_line>-150</min_line>
			<max_linear_speed_mm_sec>200</max_linear_speed_mm_sec>
			<inverse_movement>false</inverse_movement>
			<is_linear_type>false</is_linear_type>
			<is_ignore_z_mark>false</is_ignore_z_mark>
			<is_allowed_deustation>false</is_allowed_deustation>
			<calibration_type>SearchZMarkNearVisualMark</calibration_type>
			<calibr_speed_percent>10.0</calibr_speed_percent>
			<calibration_move_back_steps>10000</calibration_move_back_steps>
			<calibration_dir_positive>true</calibration_dir_positive>
		</joint>
		<joint id="2">
			<zero_angle>0</zero_angle>
			<gear_multiplicator>121</gear_multiplicator>
			<full_circle_impulse>2000</full_circle_impulse>
			<max_angle_speed>4000</max_angle_speed>
			<acceleration_time>600</acceleration_time>
			<singular_criteria_deg>20</singular_criteria_deg>
			<max_deg>150</max_deg>
			<min_deg>-150</min_deg>
			<max_line>150</max_line>
			<min_line>-150</min_line>
			<max_linear_speed_mm_sec>200</max_linear_speed_mm_sec>
			<inverse_movement>false</inverse_movement>
			<is_linear_type>false</is_linear_type>
			<is_ignore_z_mark>false</is_ignore_z_mark>
			<is_allowed_deustation>false</is_allowed_deustation>
			<calibration_type>SearchZMarkNearVisualMark</calibration_type>
			<calibr_speed_percent>10.0</calibr_speed_percent>
			<calibration_move_back_steps>10000</calibration_move_back_steps>
			<calibration_dir_positive>true</calibration_dir_positive>
		</joint>
		<joint id="3">
			<zero_angle>0</zero_angle>
			<gear_multiplicator>101</gear_multiplicator>
			<full_circle_impulse>2000</full_circle_impulse>
			<max_angle_speed>3000</max_angle_speed>
			<acceleration_time>500</acceleration_time>
			<singular_criteria_deg>20</singular_criteria_deg>
			<max_deg>450</max_deg>
			<min_deg>-450</min_deg>
			<max_line>150</max_line>
			<min_line>-150</min_line>
			<max_linear_speed_mm_sec>200</max_linear_speed_mm_sec>
			<inverse_movement>false</inverse_movement>
			<is_linear_type>false</is_linear_type>
			<is_ignore_z_mark>false</is_ignore_z_mark>
			<is_allowed_deustation>false</is_allowed_deustation>
			<calibration_type>SearchZMarkNearVisualMark</calibration_type>
			<calibr_speed_percent>10.0</calibr_speed_percent>
			<calibration_move_back_steps>10000</calibration_move_back_steps>
			<calibration_dir_positive>true</calibration_dir_positive>
		</joint>
		<joint id="4">
			<zero_angle>0</zero_angle>
			<gear_multiplicator>120</gear_multiplicator>
			<full_circle_impulse>2000</full_circle_impulse>
			<max_angle_speed>3000</max_angle_speed>
			<acceleration_time>400</acceleration_time>
			<singular_criteria_deg>20</singular_criteria_deg>
			<max_deg>123</max_deg>
			<min_deg>-123</min_deg>
			<max_line>150</max_line>
			<min_line>-150</min_line>
			<max_linear_speed_mm_sec>200</max_linear_speed_mm_sec>
			<inverse_movement>false</inverse_movement>
			<is_linear_type>false</is_linear_type>
			<is_ignore_z_mark>false</is_ignore_z_mark>
			<is_allowed_deustation>false</is_allowed_deustation>
			<calibration_type>SearchZMarkNearVisualMark</calibration_type>
			<calibr_speed_percent>10.0</calibr_speed_percent>
			<calibration_move_back_steps>10000</calibration_move_back_steps>
			<calibration_dir_positive>true</calibration_dir_positive>
		</joint>
		<joint id="5">
			<zero_angle>0</zero_angle>
			<gear_multiplicator>100</gear_multiplicator>
			<full_circle_impulse>2000</full_circle_impulse>
			<max_angle_speed>5000</max_angle_speed>
			<acceleration_time>400</acceleration_time>
			<singular_criteria_deg>20</singular_criteria_deg>
			<max_deg>450</max_deg>
			<min_deg>-450</min_deg>
			<max_line>150</max_line>
			<min_line>-150</min_line>
			<max_linear_speed_mm_sec>200</max_linear_speed_mm_sec>
			<inverse_movement>false</inverse_movement>
			<is_linear_type>false</is_linear_type>
			<is_ignore_z_mark>false</is_ignore_z_mark>
			<is_allowed_deustation>false</is_allowed_deustation>
			<calibration_type>SearchZMarkNearVisualMark</calibration_type>
			<calibr_speed_percent>10.0</calibr_speed_percent>
			<calibration_move_back_steps>10000</calibration_move_back_steps>
			<calibration_dir_positive>true</calibration_dir_positive>
		</joint>
	</JointsData>
	<ChainedJoints/>
</SplinePathGeneratorInfo>
