<?xml version="1.0" encoding="utf-8"?>
<modules>
	<module>
		<module_name>RcsDIDO</module_name>
		<module_installed>2021-04-27T10:19:10</module_installed>
		<module_size>1195851</module_size>
		<module_uuid>a402dba7-f827-47f6-9a6f-36ed7044845a</module_uuid>
		<dll_files>
			<dll>
				<interface>cc3dca5a-882a-4fe3-84a0-202d58fe6013</interface>
				<module_uuid>a402dba7-f827-47f6-9a6f-36ed7044845a</module_uuid>
			</dll>
		</dll_files>
		<module_files>
			<module_file>R:/Projects\LifepadLine\simulation\godot_simulation_dirty\robots\lifepad_carousel_1_0\rb_feeder\.\BusDlls/RcsDIDO.so</module_file>
			<module_file>R:/Projects\LifepadLine\simulation\godot_simulation_dirty\robots\lifepad_carousel_1_0\rb_feeder\.\BusDlls/RcsDIDO.dll</module_file>
			<module_file>R:/Projects\LifepadLine\simulation\godot_simulation_dirty\robots\lifepad_carousel_1_0\rb_feeder\.\BusDlls_debug/RcsDIDO.dll</module_file>
			<module_file>R:/Projects\LifepadLine\simulation\godot_simulation_dirty\robots\lifepad_carousel_1_0\rb_feeder\.\Dictionary/ru-RU/RcsDIDO.xml</module_file>
			<module_file>R:/Projects\LifepadLine\simulation\godot_simulation_dirty\robots\lifepad_carousel_1_0\rb_feeder\.\Dictionary/en-US/RcsDIDO.xml</module_file>
			<module_file>R:/Projects\LifepadLine\simulation\godot_simulation_dirty\robots\lifepad_carousel_1_0\rb_feeder\.\RcpLibraries/RcsDIDOWrapped.dll</module_file>
			<module_file>R:/Projects\LifepadLine\simulation\godot_simulation_dirty\robots\lifepad_carousel_1_0\rb_feeder\.\RcpLibraries/RcsDIDOWrapper.so</module_file>
			<module_file>R:/Projects\LifepadLine\simulation\godot_simulation_dirty\robots\lifepad_carousel_1_0\rb_feeder\.\RcpLibraries_debug/RcsDIDOWrapped.dll</module_file>
		</module_files>
	</module>
</modules>
<post_remove/>
