<?xml version="1.0" encoding="utf-8"?>
<GlobalVariables>
	<GlobalVariable>
		<Name>input_dialog_bool_value</Name>
		<Id>28</Id>
		<IsSaving>false</IsSaving>
		<Type>Bool</Type>
		<Default>false</Default>
	</GlobalVariable>
	<GlobalVariable>
		<Name>input_dialog_buttons</Name>
		<Id>29</Id>
		<IsSaving>false</IsSaving>
		<Type>String</Type>
		<Default/>
	</GlobalVariable>
	<GlobalVariable>
		<Name>input_dialog_caption</Name>
		<Id>30</Id>
		<IsSaving>false</IsSaving>
		<Type>String</Type>
		<Default/>
	</GlobalVariable>
	<GlobalVariable>
		<Name>input_dialog_flag</Name>
		<Id>35</Id>
		<IsSaving>false</IsSaving>
		<Type>Bool</Type>
		<Default>false</Default>
	</GlobalVariable>
	<GlobalVariable>
		<Name>input_dialog_float_value</Name>
		<Id>37</Id>
		<IsSaving>false</IsSaving>
		<Type>Float</Type>
		<Default>0</Default>
	</GlobalVariable>
	<GlobalVariable>
		<Name>input_dialog_header</Name>
		<Id>31</Id>
		<IsSaving>false</IsSaving>
		<Type>String</Type>
		<Default/>
	</GlobalVariable>
	<GlobalVariable>
		<Name>input_dialog_int_value</Name>
		<Id>38</Id>
		<IsSaving>false</IsSaving>
		<Type>Int</Type>
		<Default>0</Default>
	</GlobalVariable>
	<GlobalVariable>
		<Name>input_dialog_menu_select</Name>
		<Id>36</Id>
		<IsSaving>false</IsSaving>
		<Type>String</Type>
		<Default/>
	</GlobalVariable>
	<GlobalVariable>
		<Name>input_dialog_type</Name>
		<Id>39</Id>
		<IsSaving>false</IsSaving>
		<Type>Int</Type>
		<Default>0</Default>
	</GlobalVariable>
	<GlobalVariable>
		<Name>simulation_mode</Name>
		<Id>4</Id>
		<IsSaving>true</IsSaving>
		<Type>Bool</Type>
		<Default>false</Default>
	</GlobalVariable>
</GlobalVariables>
